,1990,1991,1992,1993,1994,1995,1996,1997,1998,1999,2000,2001,2002,2003,2004,2005,2006,2007,2008,2009,2010,2011,2012,2013,2014,2015,2016,2017,2018
Afghanistan,1141.0,1392.0,1047.0,1539.0,1994.0,2014.0,3936.0,1724.0,1693.0,2638.0,2832.0,1938.0,1424.0,1235.0,1323.0,1464.0,2018.0,2013.0,2650.0,2588.0,2230.0,1998.0,1758.0,2074.0,1853.0,1589.0,1444.0,1414.0,1569.0
Albania,91.0,80.0,109.0,98.0,125.0,122.0,340.0,399.0,342.0,504.0,826.0,1032.0,2450.0,2284.0,3324.0,3830.0,3964.0,2786.0,2972.0,3483.0,5088.0,4267.0,3615.0,3538.0,3131.0,3237.0,2813.0,2169.0,2203.0
Algeria,95.0,111.0,102.0,120.0,173.0,177.0,208.0,138.0,123.0,209.0,426.0,469.0,615.0,493.0,616.0,722.0,825.0,578.0,894.0,1024.0,808.0,773.0,891.0,841.0,928.0,943.0,1035.0,949.0,918.0
All other countries,0.0,0.0,0.0,0.0,0.0,0.0,0.0,0.0,0.0,0.0,43.0,34.0,26.0,28.0,30.0,37.0,32.0,40.0,65.0,52.0,0.0,0.0,0.0,0.0,0.0,0.0,0.0,0.0,0.0
All other countries 2,0.0,0.0,0.0,0.0,0.0,0.0,0.0,0.0,0.0,0.0,0.0,0.0,0.0,0.0,0.0,0.0,0.0,0.0,0.0,0.0,37.0,45.0,40.0,41.0,41.0,41.0,42.0,38.0,42.0
American Samoa,0.0,0.0,0.0,0.0,0.0,0.0,0.0,0.0,0.0,0.0,80.0,97.0,102.0,117.0,137.0,294.0,247.0,161.0,178.0,265.0,232.0,205.0,180.0,265.0,187.0,296.0,285.0,216.0,182.0
Andorra,6.0,3.0,5.0,3.0,6.0,5.0,5.0,2.0,0.0,1.0,0.0,0.0,0.0,0.0,0.0,0.0,0.0,0.0,0.0,0.0,0.0,0.0,0.0,0.0,0.0,0.0,0.0,0.0,0.0
Angola,58.0,30.0,35.0,50.0,77.0,38.0,57.0,55.0,45.0,43.0,113.0,85.0,68.0,64.0,87.0,86.0,106.0,105.0,161.0,95.0,135.0,162.0,166.0,143.0,145.0,132.0,131.0,125.0,147.0
Anguilla,0.0,0.0,0.0,0.0,0.0,0.0,0.0,0.0,0.0,0.0,66.0,38.0,30.0,24.0,18.0,27.0,35.0,37.0,47.0,29.0,26.0,38.0,30.0,26.0,18.0,31.0,16.0,20.0,34.0
Antigua and Barbuda,0.0,0.0,0.0,0.0,0.0,0.0,0.0,0.0,0.0,0.0,0.0,0.0,0.0,0.0,0.0,0.0,0.0,0.0,0.0,0.0,341.0,386.0,390.0,366.0,358.0,381.0,383.0,311.0,356.0
Antigua-Barbuda,339.0,478.0,376.0,439.0,617.0,658.0,899.0,714.0,808.0,962.0,938.0,477.0,450.0,325.0,357.0,371.0,520.0,416.0,661.0,456.0,0.0,0.0,0.0,0.0,0.0,0.0,0.0,0.0,0.0
Argentina,1466.0,1850.0,1237.0,1611.0,2488.0,2700.0,5040.0,2112.0,1608.0,2959.0,3416.0,2204.0,2129.0,1879.0,1965.0,1976.0,2695.0,2348.0,4170.0,3153.0,3140.0,3870.0,3909.0,4177.0,3683.0,3886.0,4015.0,3486.0,3977.0
Armenia,0.0,0.0,6.0,136.0,645.0,1240.0,3524.0,4151.0,4701.0,5769.0,2554.0,1968.0,1814.0,1673.0,1793.0,1737.0,1605.0,1495.0,2195.0,2021.0,3168.0,3965.0,3285.0,3203.0,2488.0,2874.0,2516.0,1994.0,2085.0
Aruba,0.0,0.0,0.0,0.0,0.0,0.0,0.0,0.0,0.0,0.0,85.0,41.0,49.0,28.0,30.0,39.0,44.0,36.0,55.0,37.0,27.0,40.0,27.0,42.0,28.0,37.0,28.0,32.0,33.0
Australia,110.0,116.0,140.0,230.0,321.0,271.0,454.0,275.0,256.0,472.0,433.0,391.0,424.0,882.0,1295.0,1155.0,1240.0,1067.0,1636.0,1392.0,1202.0,1291.0,1312.0,1296.0,1159.0,1379.0,1389.0,1235.0,1545.0
Austria,83.0,113.0,100.0,199.0,281.0,284.0,347.0,171.0,160.0,215.0,289.0,270.0,275.0,240.0,277.0,307.0,359.0,292.0,357.0,303.0,277.0,271.0,241.0,248.0,223.0,207.0,221.0,177.0,238.0
Azerbaijan,0.0,0.0,0.0,0.0,4.0,32.0,233.0,321.0,346.0,783.0,1315.0,946.0,1187.0,886.0,793.0,904.0,997.0,606.0,834.0,1005.0,1233.0,1153.0,958.0,786.0,585.0,568.0,574.0,483.0,512.0
Bahamas,0.0,0.0,0.0,0.0,0.0,0.0,0.0,0.0,0.0,0.0,589.0,392.0,401.0,342.0,378.0,343.0,574.0,397.0,838.0,569.0,475.0,609.0,647.0,681.0,545.0,570.0,590.0,481.0,590.0
"Bahamas, The",161.0,151.0,156.0,140.0,234.0,208.0,628.0,303.0,248.0,646.0,0.0,0.0,0.0,0.0,0.0,0.0,0.0,0.0,0.0,0.0,0.0,0.0,0.0,0.0,0.0,0.0,0.0,0.0,0.0
Bahrain,12.0,11.0,12.0,9.0,18.0,17.0,21.0,6.0,7.0,21.0,41.0,47.0,47.0,31.0,54.0,57.0,81.0,56.0,85.0,91.0,102.0,80.0,93.0,76.0,90.0,79.0,80.0,77.0,86.0
Bangladesh,696.0,874.0,967.0,942.0,1175.0,1291.0,5120.0,3122.0,1161.0,2093.0,3309.0,4416.0,5626.0,4345.0,5148.0,5503.0,6683.0,4746.0,5345.0,6644.0,6979.0,7325.0,8417.0,9571.0,7475.0,9750.0,9949.0,8629.0,7797.0
Barbados,970.0,852.0,669.0,855.0,1423.0,1270.0,2394.0,1873.0,1137.0,2283.0,1884.0,906.0,871.0,663.0,650.0,778.0,1006.0,718.0,1203.0,878.0,535.0,648.0,687.0,683.0,550.0,646.0,651.0,645.0,555.0
Belarus,0.0,0.0,0.0,1.0,7.0,198.0,657.0,856.0,983.0,1850.0,3060.0,2006.0,2141.0,1224.0,1464.0,1549.0,1769.0,1401.0,1767.0,1583.0,1523.0,1814.0,1896.0,1797.0,1437.0,1710.0,1518.0,1313.0,1393.0
Belgium,147.0,170.0,151.0,193.0,264.0,223.0,291.0,149.0,164.0,246.0,362.0,296.0,265.0,250.0,232.0,247.0,355.0,248.0,716.0,673.0,523.0,525.0,522.0,513.0,408.0,505.0,514.0,493.0,520.0
Belize,389.0,499.0,304.0,381.0,636.0,856.0,1765.0,1280.0,951.0,1940.0,1797.0,1014.0,771.0,665.0,664.0,704.0,918.0,799.0,1291.0,854.0,556.0,742.0,817.0,966.0,773.0,851.0,870.0,810.0,859.0
Benin,8.0,10.0,13.0,10.0,6.0,13.0,9.0,4.0,11.0,12.0,23.0,19.0,25.0,27.0,42.0,56.0,64.0,61.0,79.0,119.0,127.0,183.0,210.0,206.0,229.0,310.0,317.0,309.0,249.0
Bermuda,0.0,0.0,0.0,0.0,0.0,0.0,0.0,0.0,0.0,0.0,90.0,58.0,47.0,38.0,47.0,58.0,72.0,42.0,75.0,80.0,65.0,58.0,65.0,59.0,67.0,66.0,61.0,65.0,70.0
Bhutan,3.0,8.0,6.0,9.0,10.0,7.0,0.0,3.0,1.0,4.0,0.0,4.0,0.0,0.0,3.0,6.0,0.0,10.0,9.0,17.0,50.0,55.0,42.0,275.0,2639.0,4562.0,5563.0,5557.0,6180.0
Bolivia,471.0,519.0,423.0,571.0,810.0,1168.0,2066.0,980.0,812.0,1379.0,1369.0,905.0,1098.0,932.0,1125.0,1361.0,1630.0,1311.0,2807.0,1700.0,1185.0,1446.0,2063.0,1961.0,1527.0,1689.0,1862.0,1806.0,1575.0
Bosnia and Herzegovina,0.0,0.0,0.0,0.0,0.0,0.0,0.0,0.0,0.0,0.0,0.0,0.0,0.0,0.0,0.0,0.0,0.0,0.0,0.0,0.0,4012.0,4259.0,4904.0,3662.0,2509.0,3304.0,2257.0,1780.0,1805.0
Bosnia-Herzegovina,0.0,0.0,0.0,4.0,25.0,31.0,47.0,48.0,28.0,243.0,1745.0,2756.0,4092.0,4993.0,8013.0,8921.0,9686.0,8175.0,8176.0,4544.0,0.0,0.0,0.0,0.0,0.0,0.0,0.0,0.0,0.0
Botswana,0.0,1.0,4.0,1.0,3.0,2.0,5.0,5.0,0.0,5.0,8.0,7.0,4.0,12.0,5.0,9.0,17.0,4.0,18.0,17.0,24.0,9.0,11.0,29.0,24.0,28.0,29.0,27.0,38.0
Brazil,674.0,683.0,679.0,922.0,1342.0,1278.0,2685.0,2192.0,1927.0,3644.0,4510.0,3925.0,3885.0,3091.0,4074.0,4583.0,7028.0,5745.0,8808.0,7960.0,8867.0,10251.0,9884.0,9565.0,8625.0,10516.0,10268.0,9701.0,10538.0
British Virgin Islands,0.0,0.0,0.0,0.0,0.0,0.0,0.0,0.0,0.0,0.0,134.0,48.0,40.0,22.0,41.0,38.0,54.0,40.0,67.0,43.0,0.0,0.0,0.0,0.0,0.0,0.0,0.0,0.0,0.0
Brunei,7.0,12.0,12.0,8.0,11.0,7.0,6.0,3.0,8.0,7.0,15.0,8.0,12.0,9.0,10.0,13.0,13.0,20.0,25.0,14.0,15.0,11.0,17.0,11.0,15.0,13.0,10.0,11.0,15.0
Bulgaria,160.0,225.0,171.0,165.0,250.0,240.0,493.0,288.0,226.0,369.0,845.0,1169.0,1310.0,1599.0,2487.0,2906.0,3488.0,2621.0,3213.0,3211.0,3123.0,3103.0,2964.0,2646.0,2226.0,2336.0,2086.0,1887.0,1825.0
Burkina Faso,2.0,2.0,1.0,5.0,7.0,7.0,9.0,6.0,7.0,7.0,16.0,10.0,7.0,12.0,19.0,26.0,51.0,37.0,48.0,90.0,112.0,163.0,166.0,230.0,235.0,307.0,322.0,303.0,347.0
Burma,597.0,827.0,454.0,469.0,757.0,780.0,1085.0,484.0,373.0,676.0,1129.0,1076.0,1069.0,905.0,1177.0,1360.0,1486.0,1058.0,1383.0,1447.0,2399.0,2321.0,2384.0,3489.0,4225.0,6045.0,6956.0,6825.0,7858.0
Burundi,3.0,1.0,10.0,4.0,10.0,6.0,4.0,5.0,2.0,7.0,13.0,15.0,28.0,21.0,59.0,56.0,71.0,95.0,76.0,90.0,145.0,168.0,209.0,379.0,415.0,437.0,406.0,266.0,284.0
Cabo Verde,0.0,0.0,0.0,0.0,0.0,0.0,0.0,0.0,0.0,0.0,0.0,0.0,0.0,0.0,0.0,0.0,0.0,0.0,0.0,0.0,675.0,974.0,1037.0,1014.0,979.0,1054.0,1207.0,1355.0,1429.0
Cambodia,3525.0,4786.0,2749.0,3149.0,4125.0,3605.0,5077.0,4936.0,5321.0,6975.0,5275.0,3460.0,3113.0,3135.0,3975.0,4806.0,4778.0,4197.0,5869.0,4673.0,3756.0,4589.0,6189.0,4161.0,2866.0,2878.0,2756.0,2184.0,2467.0
Cameroon,38.0,48.0,75.0,105.0,171.0,164.0,195.0,129.0,104.0,140.0,285.0,299.0,461.0,534.0,575.0,661.0,771.0,611.0,967.0,1098.0,1519.0,2172.0,2459.0,2541.0,2120.0,3170.0,3088.0,2416.0,2319.0
Canada,3644.0,4441.0,4067.0,6662.0,9128.0,7949.0,10324.0,6094.0,6012.0,10274.0,11322.0,7528.0,7581.0,6399.0,7682.0,7815.0,9607.0,8473.0,12387.0,9753.0,8539.0,9318.0,9077.0,8690.0,8385.0,9492.0,9346.0,7829.0,9379.0
Cape Verde,272.0,178.0,226.0,216.0,518.0,524.0,457.0,347.0,491.0,806.0,732.0,577.0,683.0,429.0,635.0,933.0,1126.0,1223.0,1265.0,903.0,0.0,0.0,0.0,0.0,0.0,0.0,0.0,0.0,0.0
Caribbean   ,34320.0,34025.0,32272.0,47061.0,57915.0,55515.0,155178.0,78263.0,59607.0,95703.0,0.0,0.0,0.0,0.0,0.0,0.0,0.0,0.0,0.0,0.0,0.0,0.0,0.0,0.0,0.0,0.0,0.0,0.0,0.0
Cayman Islands,0.0,0.0,0.0,0.0,0.0,0.0,0.0,0.0,0.0,0.0,23.0,15.0,17.0,7.0,9.0,8.0,18.0,9.0,24.0,22.0,17.0,15.0,29.0,17.0,13.0,30.0,20.0,23.0,23.0
Central African Republic,2.0,6.0,2.0,4.0,1.0,6.0,4.0,1.0,1.0,3.0,4.0,3.0,10.0,6.0,5.0,10.0,14.0,17.0,19.0,22.0,27.0,34.0,56.0,54.0,44.0,52.0,80.0,61.0,73.0
Chad,2.0,5.0,2.0,1.0,2.0,1.0,2.0,2.0,3.0,6.0,9.0,12.0,3.0,24.0,27.0,19.0,18.0,22.0,22.0,27.0,39.0,50.0,69.0,64.0,74.0,84.0,105.0,78.0,72.0
Chile,866.0,920.0,713.0,862.0,1203.0,1295.0,2775.0,1291.0,959.0,1680.0,1881.0,1200.0,1148.0,1073.0,1142.0,1183.0,1549.0,1346.0,2851.0,1585.0,1249.0,1527.0,1586.0,1649.0,1435.0,1486.0,1666.0,1620.0,1752.0
"China, People's Republic",13563.0,16783.0,13488.0,16851.0,22018.0,20917.0,30656.0,17552.0,14737.0,33662.0,54443.0,34353.0,31987.0,23991.0,27309.0,31708.0,35387.0,33134.0,40017.0,37130.0,33969.0,32864.0,31868.0,35387.0,30284.0,31241.0,35794.0,37674.0,39600.0
Colombia,5540.0,5513.0,6439.0,9976.0,12299.0,12724.0,26115.0,10911.0,6730.0,11023.0,13964.0,10826.0,10601.0,7939.0,9819.0,11396.0,15698.0,12089.0,22926.0,16593.0,18417.0,22693.0,23972.0,22196.0,16478.0,17207.0,18601.0,16184.0,17564.0
Comoros,1.0,2.0,0.0,2.0,2.0,0.0,1.0,0.0,0.0,2.0,0.0,0.0,0.0,0.0,0.0,0.0,0.0,0.0,0.0,0.0,0.0,0.0,0.0,0.0,0.0,0.0,0.0,0.0,0.0
"Congo, Democratic Republic",0.0,0.0,0.0,0.0,0.0,0.0,0.0,0.0,0.0,0.0,138.0,115.0,116.0,101.0,88.0,122.0,229.0,164.0,211.0,349.0,744.0,908.0,1173.0,1250.0,1246.0,1490.0,1707.0,1437.0,1776.0
"Congo, Democratic Republic 3",55.0,50.0,48.0,68.0,86.0,81.0,131.0,60.0,61.0,107.0,0.0,0.0,0.0,0.0,0.0,0.0,0.0,0.0,0.0,0.0,0.0,0.0,0.0,0.0,0.0,0.0,0.0,0.0,0.0
"Congo, Republic",0.0,0.0,0.0,0.0,0.0,0.0,0.0,0.0,0.0,0.0,58.0,90.0,139.0,123.0,163.0,193.0,369.0,287.0,306.0,308.0,313.0,345.0,381.0,402.0,438.0,473.0,395.0,322.0,316.0
"Congo, Republic 3 ",9.0,4.0,2.0,4.0,5.0,1.0,4.0,2.0,8.0,39.0,0.0,0.0,0.0,0.0,0.0,0.0,0.0,0.0,0.0,0.0,0.0,0.0,0.0,0.0,0.0,0.0,0.0,0.0,0.0
Costa Rica,589.0,792.0,547.0,672.0,1063.0,1145.0,2603.0,1488.0,1077.0,1927.0,1887.0,1138.0,1000.0,868.0,970.0,1161.0,1402.0,1227.0,2376.0,1517.0,1114.0,1511.0,1597.0,1661.0,1461.0,1633.0,1862.0,1720.0,1860.0
Cote d'Ivoire,14.0,27.0,36.0,47.0,76.0,77.0,139.0,89.0,75.0,104.0,184.0,171.0,271.0,264.0,317.0,324.0,491.0,382.0,479.0,589.0,549.0,694.0,868.0,958.0,910.0,1078.0,1127.0,907.0,908.0
Croatia,0.0,0.0,0.0,33.0,144.0,242.0,496.0,222.0,192.0,356.0,500.0,516.0,620.0,615.0,1084.0,1348.0,1623.0,1073.0,1251.0,718.0,589.0,569.0,725.0,561.0,428.0,563.0,438.0,351.0,371.0
Cuba,10291.0,9554.0,7763.0,15109.0,16421.0,17481.0,62168.0,12860.0,15114.0,19891.0,15608.0,11343.0,10857.0,7698.0,11236.0,11227.0,21481.0,15394.0,39871.0,24891.0,14050.0,21071.0,31244.0,30482.0,24092.0,25770.0,32101.0,25961.0,32089.0
Curacao,0.0,0.0,0.0,0.0,0.0,0.0,0.0,0.0,0.0,0.0,0.0,0.0,0.0,0.0,0.0,0.0,0.0,0.0,0.0,0.0,0.0,0.0,0.0,0.0,11.0,17.0,13.0,16.0,20.0
Cyprus,185.0,167.0,170.0,188.0,194.0,170.0,212.0,106.0,112.0,145.0,204.0,185.0,150.0,100.0,104.0,134.0,140.0,109.0,160.0,160.0,118.0,115.0,92.0,112.0,112.0,107.0,105.0,84.0,125.0
Czech Republic,0.0,0.0,0.0,0.0,6.0,5.0,11.0,16.0,6.0,32.0,58.0,47.0,64.0,50.0,69.0,102.0,122.0,122.0,192.0,266.0,0.0,0.0,0.0,0.0,0.0,0.0,0.0,0.0,0.0
Czechia,0.0,0.0,0.0,0.0,0.0,0.0,0.0,0.0,0.0,0.0,0.0,0.0,0.0,0.0,0.0,0.0,0.0,0.0,0.0,0.0,367.0,485.0,477.0,562.0,565.0,733.0,692.0,595.0,644.0
Czechoslovakia (former),0.0,0.0,0.0,0.0,0.0,0.0,0.0,0.0,0.0,0.0,654.0,489.0,453.0,333.0,434.0,490.0,614.0,449.0,629.0,503.0,372.0,310.0,291.0,232.0,303.0,371.0,344.0,251.0,260.0
Czechoslovakia 1,916.0,843.0,676.0,629.0,683.0,587.0,558.0,323.0,228.0,335.0,0.0,0.0,0.0,0.0,0.0,0.0,0.0,0.0,0.0,0.0,0.0,0.0,0.0,0.0,0.0,0.0,0.0,0.0,0.0
Denmark,153.0,177.0,126.0,162.0,255.0,225.0,279.0,159.0,165.0,201.0,285.0,226.0,194.0,197.0,175.0,154.0,199.0,170.0,210.0,156.0,123.0,124.0,133.0,127.0,129.0,243.0,1193.0,769.0,650.0
Djibouti,1.0,6.0,7.0,7.0,5.0,8.0,5.0,3.0,2.0,6.0,10.0,9.0,18.0,16.0,12.0,17.0,18.0,14.0,25.0,19.0,17.0,22.0,26.0,39.0,26.0,26.0,52.0,48.0,65.0
Dominica,399.0,550.0,308.0,285.0,381.0,399.0,694.0,535.0,642.0,856.0,713.0,370.0,456.0,361.0,441.0,543.0,741.0,539.0,975.0,672.0,543.0,594.0,597.0,642.0,520.0,653.0,610.0,539.0,612.0
Dominican Republic,5984.0,6368.0,8464.0,12274.0,11415.0,9934.0,27293.0,19450.0,11324.0,18802.0,25098.0,14958.0,15562.0,12607.0,15464.0,20831.0,22165.0,20645.0,35251.0,20778.0,15451.0,20508.0,33351.0,39590.0,23775.0,26665.0,31320.0,29734.0,22970.0
Ecuador,2052.0,2215.0,1857.0,2703.0,3951.0,5366.0,14206.0,7129.0,4539.0,7205.0,9454.0,6547.0,6392.0,5061.0,5616.0,7091.0,8321.0,7229.0,11908.0,7609.0,5931.0,6929.0,8783.0,9470.0,6952.0,7664.0,8568.0,7748.0,7996.0
Egypt,1945.0,2644.0,2098.0,2045.0,2616.0,2625.0,3486.0,2021.0,1354.0,2205.0,3486.0,3779.0,3698.0,2922.0,3726.0,4061.0,4271.0,3231.0,4165.0,5224.0,5860.0,5848.0,6191.0,6213.0,5094.0,5693.0,5696.0,5154.0,6549.0
El Salvador,2410.0,3653.0,2056.0,3057.0,5675.0,13667.0,33240.0,17818.0,12160.0,22176.0,24001.0,13613.0,10699.0,8719.0,9602.0,12174.0,13430.0,17157.0,35796.0,18927.0,10343.0,13834.0,16685.0,18401.0,15598.0,16930.0,17213.0,16941.0,17300.0
Equatorial Guinea,2.0,4.0,2.0,1.0,2.0,2.0,5.0,2.0,1.0,2.0,0.0,0.0,0.0,0.0,0.0,0.0,0.0,0.0,0.0,0.0,12.0,9.0,19.0,14.0,12.0,14.0,18.0,8.0,9.0
Eritrea,0.0,0.0,0.0,0.0,69.0,371.0,541.0,399.0,488.0,602.0,823.0,755.0,809.0,819.0,829.0,692.0,653.0,553.0,694.0,760.0,991.0,985.0,1059.0,1145.0,1045.0,1494.0,1797.0,1424.0,1457.0
Estonia,17.0,33.0,14.0,20.0,62.0,63.0,78.0,56.0,51.0,64.0,108.0,105.0,110.0,102.0,126.0,104.0,156.0,132.0,221.0,209.0,185.0,217.0,234.0,213.0,183.0,208.0,183.0,157.0,190.0
Eswatini (formerly Swaziland),0.0,0.0,0.0,0.0,0.0,0.0,0.0,0.0,0.0,0.0,0.0,0.0,0.0,0.0,0.0,0.0,0.0,0.0,0.0,0.0,8.0,15.0,10.0,15.0,7.0,12.0,8.0,16.0,13.0
Ethiopia,1370.0,1453.0,1505.0,1858.0,2359.0,2558.0,2563.0,1813.0,1727.0,2411.0,2758.0,2756.0,3892.0,3820.0,4255.0,4621.0,5397.0,5165.0,7160.0,8698.0,8903.0,8519.0,8803.0,8323.0,7002.0,8312.0,8725.0,7370.0,6769.0
Fiji,374.0,477.0,398.0,544.0,705.0,698.0,1336.0,628.0,484.0,686.0,921.0,1175.0,1020.0,1206.0,1267.0,1503.0,1163.0,1118.0,1508.0,998.0,1140.0,1118.0,1134.0,1003.0,770.0,850.0,996.0,841.0,875.0
Finland,83.0,85.0,91.0,103.0,135.0,137.0,152.0,82.0,106.0,139.0,200.0,114.0,140.0,118.0,352.0,431.0,532.0,359.0,549.0,385.0,286.0,344.0,329.0,300.0,274.0,301.0,303.0,279.0,283.0
France,1091.0,1413.0,1124.0,1239.0,1758.0,1518.0,2257.0,1281.0,1250.0,2028.0,2278.0,1742.0,1718.0,1476.0,1802.0,1963.0,2449.0,1979.0,2765.0,2464.0,2263.0,2527.0,2358.0,2534.0,2589.0,2784.0,2841.0,2812.0,2854.0
French Guiana,0.0,0.0,0.0,0.0,0.0,0.0,0.0,0.0,0.0,0.0,10.0,0.0,6.0,0.0,6.0,6.0,5.0,5.0,8.0,8.0,0.0,0.0,0.0,0.0,0.0,0.0,0.0,0.0,0.0
French Polynesia,0.0,0.0,0.0,0.0,0.0,0.0,0.0,0.0,0.0,0.0,128.0,41.0,16.0,9.0,10.0,22.0,16.0,19.0,15.0,12.0,12.0,14.0,15.0,8.0,20.0,14.0,18.0,14.0,13.0
Gabon,1.0,4.0,2.0,0.0,0.0,1.0,2.0,1.0,1.0,3.0,8.0,5.0,12.0,11.0,12.0,18.0,23.0,18.0,24.0,35.0,43.0,53.0,80.0,72.0,63.0,89.0,83.0,67.0,81.0
Gambia,0.0,0.0,0.0,0.0,0.0,0.0,0.0,0.0,0.0,0.0,81.0,69.0,135.0,113.0,136.0,189.0,286.0,246.0,330.0,419.0,444.0,505.0,556.0,573.0,510.0,685.0,724.0,586.0,650.0
"Gambia, The",13.0,19.0,11.0,18.0,26.0,51.0,82.0,39.0,40.0,68.0,0.0,0.0,0.0,0.0,0.0,0.0,0.0,0.0,0.0,0.0,0.0,0.0,0.0,0.0,0.0,0.0,0.0,0.0,0.0
Georgia,0.0,0.0,0.0,1.0,8.0,24.0,94.0,81.0,72.0,118.0,406.0,415.0,444.0,416.0,382.0,443.0,628.0,514.0,627.0,864.0,1107.0,1253.0,1271.0,1205.0,898.0,1027.0,988.0,889.0,751.0
Germany,2395.0,2197.0,1901.0,2554.0,3706.0,3546.0,4245.0,2588.0,2345.0,3702.0,4508.0,3200.0,3424.0,3192.0,3836.0,3811.0,4556.0,3617.0,4708.0,4564.0,4001.0,4461.0,4192.0,4066.0,4375.0,4380.0,4329.0,3879.0,4284.0
Ghana,714.0,669.0,692.0,722.0,1110.0,1557.0,2519.0,1418.0,1024.0,1243.0,2032.0,1828.0,3326.0,2831.0,3577.0,3561.0,4760.0,3181.0,4557.0,4819.0,4211.0,4690.0,5344.0,5105.0,5108.0,6033.0,6411.0,5777.0,6047.0
Grand Total,270101.0,308058.0,240252.0,314681.0,434107.0,488088.0,1044689.0,598225.0,463060.0,839944.0,886026.0,606259.0,572646.0,462435.0,537151.0,604280.0,702589.0,660477.0,1046539.0,743715.0,619913.0,694193.0,757434.0,779929.0,653416.0,730259.0,753060.0,707265.0,761901.0
Greece,2270.0,1820.0,1769.0,2135.0,2596.0,2114.0,2769.0,1645.0,1268.0,1865.0,2252.0,1661.0,1285.0,933.0,1100.0,1075.0,1291.0,1200.0,1314.0,1067.0,800.0,844.0,867.0,938.0,780.0,867.0,1013.0,945.0,1074.0
Grenada,459.0,456.0,421.0,552.0,815.0,722.0,1564.0,1136.0,601.0,1402.0,1164.0,609.0,607.0,524.0,530.0,649.0,781.0,511.0,850.0,683.0,446.0,528.0,683.0,717.0,544.0,664.0,658.0,629.0,463.0
Guadeloupe,0.0,0.0,0.0,0.0,0.0,0.0,0.0,0.0,0.0,0.0,32.0,14.0,25.0,18.0,21.0,26.0,36.0,16.0,39.0,34.0,0.0,0.0,0.0,0.0,0.0,0.0,0.0,0.0,0.0
Guatemala,1280.0,1832.0,1086.0,1682.0,3001.0,5159.0,13383.0,7522.0,5444.0,10601.0,11444.0,6257.0,5442.0,4551.0,5080.0,6250.0,6551.0,8181.0,17087.0,8619.0,5375.0,7285.0,8797.0,9530.0,8549.0,9344.0,9764.0,9131.0,9566.0
Guinea,15.0,7.0,7.0,3.0,10.0,8.0,23.0,22.0,26.0,32.0,70.0,67.0,111.0,81.0,124.0,137.0,194.0,191.0,225.0,304.0,418.0,575.0,787.0,958.0,908.0,999.0,1077.0,957.0,924.0
Guinea-Bissau,1.0,2.0,3.0,1.0,6.0,3.0,6.0,1.0,2.0,6.0,20.0,6.0,14.0,15.0,10.0,10.0,14.0,5.0,14.0,17.0,17.0,29.0,30.0,24.0,27.0,29.0,20.0,25.0,28.0
Guyana,4306.0,4826.0,4717.0,4938.0,6043.0,5584.0,10618.0,7008.0,4479.0,9288.0,10794.0,7038.0,7220.0,4929.0,4877.0,5543.0,7434.0,5631.0,8290.0,6840.0,4932.0,5413.0,6201.0,6295.0,4327.0,5162.0,5284.0,4527.0,4625.0
Haiti,5009.0,4436.0,3993.0,5202.0,7997.0,7876.0,24556.0,15667.0,10168.0,17400.0,14373.0,10355.0,9268.0,7247.0,8215.0,9740.0,15979.0,11552.0,21229.0,13290.0,12291.0,14191.0,19114.0,23480.0,13676.0,14053.0,15276.0,12794.0,14389.0
Honduras,1259.0,1306.0,1248.0,1713.0,2208.0,2943.0,7494.0,4022.0,2651.0,4694.0,5168.0,3248.0,3496.0,3004.0,3455.0,3953.0,4949.0,4669.0,8794.0,4858.0,3056.0,3980.0,5294.0,5462.0,4433.0,5039.0,5819.0,5310.0,5645.0
Hong Kong,0.0,0.0,0.0,0.0,0.0,0.0,0.0,40.0,542.0,2825.0,8085.0,5269.0,4849.0,3752.0,3713.0,4479.0,4263.0,3871.0,4940.0,3329.0,2198.0,2184.0,1980.0,2093.0,1801.0,1716.0,1662.0,1623.0,1768.0
Hungary,743.0,814.0,608.0,624.0,824.0,844.0,936.0,488.0,502.0,746.0,1071.0,873.0,827.0,618.0,738.0,720.0,955.0,788.0,1089.0,1142.0,916.0,953.0,1014.0,984.0,891.0,941.0,934.0,729.0,922.0
Iceland,25.0,23.0,37.0,34.0,38.0,38.0,37.0,29.0,31.0,47.0,52.0,44.0,32.0,41.0,79.0,82.0,70.0,62.0,83.0,75.0,51.0,76.0,97.0,75.0,70.0,88.0,88.0,83.0,69.0
India,11499.0,12961.0,13413.0,16506.0,20886.0,18331.0,28932.0,18812.0,16003.0,26232.0,42092.0,34240.0,33737.0,29761.0,37975.0,35962.0,47542.0,46871.0,65971.0,52889.0,61142.0,45985.0,42928.0,49897.0,37854.0,42213.0,46188.0,50802.0,52194.0
Indonesia,350.0,603.0,309.0,408.0,532.0,569.0,883.0,462.0,530.0,1211.0,2480.0,1242.0,1003.0,963.0,1131.0,1234.0,1287.0,1213.0,1823.0,1794.0,2765.0,2345.0,2123.0,2190.0,1568.0,1743.0,1641.0,1566.0,1807.0
Iran,5973.0,10411.0,6778.0,7029.0,10054.0,11659.0,17326.0,10553.0,9936.0,16913.0,19171.0,13834.0,11773.0,10782.0,11781.0,11031.0,11363.0,10557.0,11813.0,12069.0,9337.0,9286.0,9627.0,11623.0,9620.0,10344.0,9507.0,8324.0,8409.0
Iraq,1855.0,1641.0,1196.0,1522.0,1772.0,1609.0,2157.0,1519.0,1951.0,3025.0,5209.0,3443.0,3314.0,2209.0,3646.0,3273.0,3614.0,2967.0,5057.0,4197.0,3489.0,3360.0,3523.0,7771.0,12377.0,14899.0,12130.0,7875.0,12448.0
Ireland,742.0,746.0,738.0,1079.0,1659.0,1928.0,3010.0,1682.0,1392.0,3111.0,5448.0,4437.0,3438.0,2583.0,2421.0,1995.0,1754.0,1335.0,2179.0,1296.0,1178.0,1171.0,1239.0,1295.0,1413.0,1375.0,1383.0,1405.0,1621.0
Israel,2102.0,2789.0,2376.0,2609.0,3241.0,2821.0,3577.0,1918.0,1543.0,2907.0,3573.0,2970.0,2556.0,2036.0,2373.0,2436.0,2905.0,2363.0,2933.0,3410.0,3205.0,3153.0,2859.0,3466.0,3015.0,3182.0,3071.0,2466.0,2743.0
Italy,2453.0,1976.0,1618.0,3495.0,5703.0,4032.0,4617.0,2282.0,2383.0,3772.0,4425.0,2972.0,2614.0,1845.0,2295.0,2511.0,2769.0,2217.0,2991.0,2552.0,2064.0,2231.0,2234.0,2355.0,2313.0,2760.0,2692.0,2501.0,2920.0
Jamaica,6762.0,6838.0,6765.0,7976.0,12216.0,11049.0,24270.0,18746.0,14468.0,24165.0,22497.0,13947.0,13949.0,11218.0,12271.0,13674.0,18953.0,12314.0,21324.0,15098.0,12070.0,14591.0,15531.0,16442.0,13547.0,16566.0,16772.0,15087.0,17213.0
Japan,736.0,938.0,621.0,989.0,1427.0,1415.0,1803.0,1108.0,1800.0,2945.0,3746.0,2362.0,1857.0,1795.0,1955.0,2154.0,2192.0,1934.0,2712.0,2192.0,1622.0,1744.0,1663.0,1837.0,1635.0,1858.0,1758.0,1713.0,1869.0
Jordan,2408.0,2493.0,2297.0,2678.0,2901.0,2556.0,3019.0,1795.0,1586.0,2638.0,3246.0,2876.0,2821.0,1917.0,2324.0,2464.0,2634.0,2125.0,2632.0,2891.0,2436.0,2345.0,2436.0,2816.0,2427.0,2461.0,2552.0,2239.0,2630.0
Kazakhstan,0.0,0.0,0.0,2.0,35.0,27.0,32.0,42.0,61.0,185.0,437.0,429.0,562.0,455.0,572.0,726.0,872.0,725.0,908.0,917.0,763.0,891.0,1040.0,909.0,789.0,819.0,760.0,729.0,823.0
Kenya,257.0,273.0,237.0,307.0,360.0,335.0,458.0,350.0,271.0,430.0,932.0,731.0,865.0,823.0,997.0,1158.0,1636.0,1396.0,2218.0,2546.0,3043.0,3621.0,4170.0,4257.0,3885.0,4738.0,4834.0,4348.0,4302.0
Kiribati,1.0,1.0,0.0,1.0,1.0,1.0,3.0,3.0,2.0,1.0,0.0,0.0,0.0,0.0,0.0,0.0,0.0,0.0,0.0,0.0,0.0,0.0,0.0,0.0,0.0,0.0,0.0,0.0,0.0
Korea,10500.0,12266.0,8297.0,9611.0,12313.0,15445.0,24693.0,13996.0,9866.0,16372.0,0.0,0.0,0.0,0.0,0.0,0.0,0.0,0.0,0.0,0.0,0.0,0.0,0.0,0.0,0.0,0.0,0.0,0.0,0.0
"Korea, North",0.0,0.0,0.0,0.0,0.0,0.0,0.0,0.0,0.0,0.0,0.0,0.0,0.0,0.0,0.0,0.0,0.0,0.0,0.0,28.0,13.0,13.0,19.0,27.0,24.0,23.0,16.0,15.0,30.0
"Korea, South 1",0.0,0.0,0.0,0.0,0.0,0.0,0.0,0.0,0.0,0.0,23717.0,17979.0,17252.0,15928.0,17184.0,19223.0,17668.0,17628.0,22759.0,17576.0,11170.0,12664.0,13790.0,15786.0,13587.0,14230.0,14347.0,14643.0,16031.0
Kosovo,0.0,0.0,0.0,0.0,0.0,0.0,0.0,0.0,0.0,0.0,0.0,0.0,0.0,0.0,0.0,0.0,0.0,0.0,89.0,397.0,590.0,465.0,510.0,487.0,392.0,547.0,530.0,410.0,451.0
Kuwait,247.0,301.0,299.0,344.0,426.0,350.0,380.0,234.0,177.0,261.0,903.0,766.0,791.0,606.0,796.0,846.0,903.0,755.0,1031.0,1152.0,919.0,869.0,820.0,920.0,791.0,819.0,790.0,677.0,789.0
Kyrgyzstan,0.0,0.0,0.0,0.0,0.0,2.0,3.0,3.0,19.0,33.0,87.0,81.0,128.0,131.0,159.0,217.0,246.0,331.0,361.0,338.0,380.0,440.0,420.0,395.0,305.0,418.0,408.0,412.0,483.0
Laos,3329.0,3594.0,3052.0,3945.0,5638.0,4064.0,7845.0,8092.0,7218.0,8675.0,7129.0,6469.0,8363.0,5841.0,5678.0,5261.0,4114.0,3787.0,5553.0,3081.0,2743.0,5452.0,7027.0,3932.0,2564.0,2042.0,1999.0,1726.0,2027.0
Latvia,55.0,52.0,53.0,64.0,131.0,193.0,371.0,200.0,201.0,371.0,484.0,359.0,376.0,224.0,335.0,348.0,347.0,327.0,455.0,404.0,342.0,401.0,392.0,364.0,366.0,392.0,356.0,306.0,315.0
Lebanon,2797.0,3570.0,2881.0,3402.0,4611.0,4159.0,4978.0,2796.0,2308.0,3931.0,4929.0,3550.0,3402.0,2499.0,3314.0,3288.0,3393.0,2779.0,3399.0,3787.0,3266.0,3127.0,2914.0,3002.0,2528.0,2463.0,2284.0,2081.0,2339.0
Lesotho,2.0,3.0,3.0,3.0,5.0,6.0,4.0,4.0,6.0,4.0,5.0,3.0,5.0,6.0,8.0,4.0,7.0,11.0,6.0,0.0,7.0,11.0,7.0,10.0,8.0,11.0,9.0,8.0,9.0
Liberia,283.0,356.0,359.0,455.0,613.0,728.0,794.0,657.0,536.0,790.0,1022.0,778.0,1047.0,917.0,1218.0,1548.0,2193.0,1815.0,2468.0,2767.0,3360.0,3794.0,4322.0,3923.0,3035.0,3042.0,3022.0,2421.0,2752.0
Libya,137.0,135.0,147.0,142.0,158.0,196.0,137.0,112.0,81.0,105.0,181.0,171.0,163.0,112.0,130.0,173.0,142.0,136.0,198.0,249.0,173.0,180.0,195.0,206.0,228.0,193.0,210.0,207.0,308.0
Liechtenstein,1.0,3.0,2.0,1.0,5.0,4.0,2.0,3.0,2.0,0.0,0.0,0.0,0.0,0.0,0.0,0.0,0.0,0.0,0.0,0.0,0.0,0.0,0.0,0.0,0.0,0.0,0.0,0.0,0.0
Lithuania,71.0,71.0,50.0,85.0,119.0,230.0,273.0,156.0,143.0,281.0,354.0,402.0,489.0,457.0,738.0,887.0,964.0,819.0,969.0,786.0,843.0,973.0,938.0,933.0,744.0,752.0,626.0,584.0,699.0
Luxembourg,6.0,16.0,9.0,12.0,11.0,8.0,19.0,7.0,3.0,12.0,11.0,9.0,8.0,9.0,9.0,7.0,9.0,9.0,17.0,22.0,18.0,18.0,23.0,16.0,34.0,20.0,18.0,14.0,20.0
Macau,0.0,0.0,0.0,0.0,0.0,0.0,0.0,0.0,0.0,0.0,254.0,199.0,196.0,115.0,146.0,195.0,163.0,158.0,181.0,158.0,94.0,86.0,106.0,97.0,102.0,109.0,101.0,70.0,79.0
Macedonia,0.0,0.0,0.0,0.0,52.0,197.0,329.0,214.0,140.0,212.0,310.0,394.0,559.0,376.0,601.0,651.0,837.0,597.0,756.0,741.0,682.0,578.0,635.0,665.0,625.0,611.0,704.0,582.0,669.0
Madagascar,6.0,10.0,15.0,3.0,13.0,12.0,21.0,8.0,11.0,12.0,30.0,25.0,29.0,22.0,30.0,29.0,36.0,26.0,43.0,49.0,55.0,44.0,37.0,50.0,50.0,65.0,75.0,61.0,53.0
Malawi,13.0,11.0,16.0,13.0,32.0,29.0,23.0,14.0,20.0,19.0,50.0,39.0,44.0,25.0,52.0,60.0,67.0,46.0,64.0,58.0,80.0,86.0,85.0,83.0,76.0,91.0,95.0,84.0,114.0
Malaysia,426.0,477.0,388.0,418.0,513.0,424.0,580.0,377.0,339.0,761.0,1370.0,1032.0,1092.0,983.0,1019.0,1221.0,1264.0,1217.0,1705.0,1178.0,1211.0,1137.0,1150.0,1169.0,1052.0,1113.0,1189.0,1170.0,1388.0
Maldives,0.0,1.0,1.0,1.0,0.0,3.0,0.0,2.0,0.0,1.0,0.0,0.0,0.0,0.0,0.0,0.0,0.0,0.0,0.0,0.0,0.0,0.0,0.0,0.0,0.0,0.0,0.0,0.0,0.0
Mali,5.0,2.0,5.0,9.0,8.0,17.0,23.0,25.0,17.0,27.0,48.0,51.0,72.0,64.0,66.0,85.0,118.0,93.0,124.0,149.0,200.0,274.0,288.0,332.0,352.0,405.0,456.0,391.0,398.0
Malta,72.0,77.0,56.0,74.0,98.0,44.0,113.0,44.0,35.0,65.0,115.0,63.0,85.0,61.0,80.0,67.0,86.0,66.0,71.0,72.0,46.0,54.0,44.0,59.0,40.0,50.0,43.0,47.0,51.0
Marshall Islands,0.0,0.0,0.0,0.0,2.0,4.0,5.0,3.0,1.0,2.0,0.0,3.0,0.0,4.0,9.0,4.0,14.0,12.0,12.0,29.0,21.0,32.0,21.0,17.0,20.0,22.0,27.0,16.0,21.0
Martinique,0.0,0.0,0.0,0.0,0.0,0.0,0.0,0.0,0.0,0.0,23.0,21.0,16.0,10.0,18.0,21.0,16.0,11.0,21.0,23.0,0.0,0.0,0.0,0.0,0.0,0.0,0.0,0.0,0.0
Mauritania,3.0,2.0,2.0,3.0,1.0,6.0,3.0,4.0,1.0,11.0,13.0,19.0,23.0,29.0,53.0,56.0,106.0,72.0,122.0,175.0,281.0,405.0,495.0,520.0,376.0,355.0,323.0,288.0,252.0
Mauritius,15.0,11.0,13.0,14.0,22.0,18.0,42.0,23.0,22.0,41.0,60.0,38.0,37.0,42.0,43.0,46.0,65.0,55.0,70.0,89.0,79.0,64.0,57.0,67.0,69.0,60.0,63.0,65.0,70.0
Mexico,17564.0,22066.0,12880.0,23630.0,46186.0,79614.0,217418.0,134494.0,109065.0,193709.0,189051.0,102736.0,76310.0,55946.0,63840.0,77089.0,83979.0,122258.0,231815.0,111630.0,67062.0,94783.0,102181.0,99385.0,94889.0,105958.0,103550.0,118559.0,131977.0
"Micronesia, Federated States",2.0,0.0,2.0,3.0,3.0,5.0,5.0,1.0,7.0,3.0,3.0,4.0,6.0,6.0,14.0,22.0,41.0,41.0,62.0,125.0,84.0,74.0,73.0,96.0,62.0,85.0,67.0,53.0,34.0
Moldova,0.0,0.0,0.0,7.0,61.0,190.0,520.0,711.0,636.0,1211.0,1573.0,955.0,919.0,713.0,711.0,927.0,988.0,1068.0,1328.0,1239.0,1235.0,1398.0,1602.0,1594.0,1279.0,1681.0,1689.0,1442.0,1680.0
Monaco,2.0,4.0,5.0,3.0,9.0,4.0,3.0,1.0,0.0,1.0,0.0,0.0,0.0,0.0,0.0,0.0,0.0,0.0,0.0,0.0,0.0,0.0,0.0,0.0,0.0,0.0,0.0,0.0,0.0
Mongolia,0.0,0.0,0.0,0.0,0.0,0.0,0.0,0.0,1.0,6.0,15.0,9.0,13.0,17.0,21.0,41.0,60.0,53.0,129.0,137.0,157.0,242.0,286.0,347.0,335.0,324.0,437.0,416.0,468.0
Montenegro,0.0,0.0,0.0,0.0,0.0,0.0,0.0,0.0,0.0,0.0,0.0,0.0,0.0,0.0,0.0,0.0,0.0,0.0,32.0,140.0,167.0,205.0,227.0,231.0,202.0,209.0,222.0,187.0,205.0
Montserrat,0.0,0.0,0.0,0.0,0.0,0.0,0.0,0.0,0.0,0.0,128.0,86.0,84.0,64.0,54.0,78.0,96.0,51.0,87.0,59.0,57.0,63.0,51.0,65.0,47.0,43.0,45.0,45.0,52.0
Morocco,320.0,365.0,396.0,482.0,687.0,653.0,937.0,483.0,343.0,675.0,1197.0,1247.0,1274.0,1283.0,1841.0,2628.0,3643.0,2684.0,3383.0,4556.0,3710.0,3656.0,3872.0,3768.0,3538.0,3805.0,3684.0,2943.0,2644.0
Mozambique,30.0,24.0,22.0,24.0,43.0,22.0,18.0,27.0,15.0,24.0,68.0,29.0,57.0,32.0,40.0,50.0,62.0,45.0,73.0,47.0,41.0,49.0,48.0,51.0,34.0,43.0,51.0,38.0,43.0
Namibia,6.0,6.0,7.0,11.0,12.0,8.0,6.0,10.0,6.0,10.0,13.0,15.0,13.0,13.0,13.0,18.0,17.0,22.0,38.0,27.0,38.0,29.0,42.0,40.0,31.0,42.0,33.0,27.0,29.0
Nauru,2.0,1.0,1.0,4.0,3.0,3.0,0.0,1.0,0.0,3.0,0.0,0.0,0.0,0.0,0.0,0.0,0.0,0.0,0.0,0.0,0.0,0.0,0.0,0.0,0.0,0.0,0.0,0.0,0.0
Nepal,37.0,56.0,43.0,48.0,62.0,55.0,88.0,52.0,73.0,119.0,203.0,205.0,247.0,318.0,408.0,417.0,575.0,638.0,953.0,1632.0,2185.0,2235.0,2448.0,2711.0,2888.0,4225.0,5004.0,4509.0,5352.0
Netherlands,410.0,508.0,378.0,471.0,714.0,727.0,1015.0,577.0,480.0,842.0,807.0,546.0,512.0,500.0,722.0,860.0,1008.0,819.0,1219.0,889.0,691.0,778.0,919.0,786.0,665.0,778.0,829.0,699.0,851.0
Netherlands Antilles,0.0,0.0,0.0,0.0,0.0,0.0,0.0,0.0,0.0,0.0,78.0,34.0,28.0,19.0,23.0,25.0,33.0,28.0,43.0,40.0,0.0,0.0,0.0,0.0,0.0,0.0,0.0,0.0,0.0
Netherlands Antilles (former),0.0,0.0,0.0,0.0,0.0,0.0,0.0,0.0,0.0,0.0,0.0,0.0,0.0,0.0,0.0,0.0,0.0,0.0,0.0,0.0,56.0,60.0,76.0,82.0,43.0,35.0,45.0,42.0,48.0
New Zealand,116.0,191.0,110.0,178.0,262.0,254.0,336.0,214.0,193.0,315.0,421.0,345.0,356.0,340.0,420.0,444.0,440.0,447.0,649.0,562.0,495.0,480.0,563.0,482.0,453.0,514.0,565.0,468.0,577.0
Nicaragua,1520.0,1732.0,1100.0,1500.0,2442.0,3930.0,10614.0,4178.0,3306.0,5954.0,5413.0,3549.0,3788.0,3044.0,3444.0,5080.0,9283.0,8164.0,17954.0,7445.0,4047.0,5092.0,5870.0,5064.0,3775.0,3951.0,4663.0,4181.0,4277.0
Niger,22.0,0.0,0.0,0.0,6.0,211.0,263.0,116.0,207.0,329.0,554.0,183.0,110.0,46.0,46.0,48.0,46.0,52.0,73.0,67.0,89.0,124.0,143.0,167.0,161.0,180.0,140.0,126.0,110.0
Nigeria,1415.0,1775.0,1862.0,2378.0,3772.0,4541.0,5368.0,3292.0,1911.0,3108.0,4128.0,4349.0,6412.0,5691.0,6470.0,6894.0,8652.0,6582.0,8597.0,9298.0,9126.0,9344.0,9322.0,9545.0,8667.0,10363.0,9520.0,7652.0,8459.0
Norway,115.0,141.0,107.0,129.0,176.0,160.0,217.0,107.0,86.0,137.0,191.0,126.0,108.0,93.0,137.0,136.0,145.0,105.0,153.0,128.0,91.0,90.0,87.0,80.0,92.0,80.0,93.0,60.0,93.0
Oman,2.0,2.0,7.0,5.0,5.0,5.0,1.0,1.0,2.0,2.0,6.0,8.0,9.0,16.0,13.0,16.0,23.0,15.0,33.0,32.0,30.0,37.0,48.0,39.0,41.0,47.0,58.0,30.0,44.0
Pakistan,3330.0,3670.0,3350.0,3777.0,4539.0,4883.0,10278.0,6430.0,3450.0,6104.0,8706.0,8367.0,8643.0,7424.0,8744.0,9699.0,10411.0,9147.0,11813.0,12528.0,11601.0,10655.0,11150.0,12948.0,11210.0,11912.0,11729.0,10166.0,10414.0
Palau,23.0,23.0,22.0,15.0,11.0,2.0,2.0,6.0,14.0,15.0,17.0,7.0,9.0,12.0,19.0,18.0,36.0,40.0,62.0,54.0,71.0,68.0,72.0,64.0,50.0,44.0,43.0,32.0,28.0
Panama,1755.0,1492.0,1150.0,1393.0,1854.0,1735.0,2935.0,1868.0,1444.0,2839.0,2906.0,1577.0,1591.0,1248.0,1462.0,1643.0,1930.0,1617.0,2870.0,1694.0,1215.0,1340.0,1532.0,1598.0,1277.0,1412.0,1458.0,1266.0,1308.0
Papua New Guinea,2.0,3.0,1.0,3.0,2.0,7.0,9.0,3.0,0.0,1.0,7.0,7.0,7.0,3.0,3.0,10.0,12.0,5.0,14.0,18.0,16.0,17.0,16.0,20.0,7.0,21.0,19.0,13.0,17.0
Paraguay,127.0,133.0,138.0,175.0,257.0,236.0,420.0,140.0,104.0,180.0,214.0,165.0,198.0,175.0,178.0,202.0,285.0,234.0,386.0,310.0,212.0,289.0,338.0,331.0,256.0,338.0,396.0,343.0,401.0
Peru,2829.0,3088.0,2633.0,3274.0,4740.0,5889.0,12073.0,5898.0,4191.0,7171.0,8927.0,6659.0,7375.0,6130.0,6980.0,7904.0,10063.0,7965.0,15016.0,10349.0,8551.0,10266.0,11814.0,11782.0,9572.0,10701.0,11319.0,10014.0,10043.0
Philippines,25936.0,33714.0,28579.0,33864.0,40711.0,37645.0,45210.0,28075.0,23809.0,35206.0,46442.0,35347.0,30440.0,29043.0,31448.0,36673.0,40500.0,38830.0,58792.0,38934.0,35465.0,42520.0,44958.0,43489.0,34591.0,40815.0,41285.0,36828.0,38816.0
Poland,5972.0,5493.0,4681.0,5551.0,7036.0,8030.0,13200.0,7553.0,5643.0,11519.0,16363.0,11625.0,12811.0,9139.0,10335.0,9801.0,10230.0,9320.0,14237.0,10604.0,8038.0,8844.0,8715.0,8697.0,8304.0,7886.0,7198.0,5840.0,6370.0
Portugal,2491.0,1848.0,1884.0,3978.0,6106.0,3925.0,6173.0,3769.0,4658.0,5227.0,4728.0,2762.0,2187.0,2034.0,2173.0,2403.0,2638.0,2506.0,3988.0,2143.0,1266.0,1426.0,1607.0,1585.0,1587.0,1690.0,1665.0,1807.0,2031.0
Qatar,7.0,6.0,15.0,17.0,14.0,11.0,17.0,7.0,6.0,7.0,35.0,37.0,48.0,34.0,48.0,66.0,59.0,60.0,85.0,106.0,115.0,101.0,101.0,107.0,69.0,75.0,98.0,95.0,92.0
Romania,2914.0,3471.0,2457.0,2699.0,3454.0,3316.0,4451.0,2573.0,2063.0,2919.0,3577.0,3512.0,4014.0,3267.0,4388.0,4602.0,5484.0,3986.0,4515.0,4388.0,4385.0,4314.0,4253.0,4050.0,3267.0,3478.0,3379.0,2986.0,3104.0
Russia,0.0,0.0,31.0,315.0,1240.0,3846.0,8909.0,7172.0,6535.0,10752.0,12898.0,9395.0,9841.0,6669.0,7586.0,8297.0,9412.0,7660.0,10778.0,9490.0,7566.0,8257.0,8154.0,8222.0,6824.0,6552.0,6067.0,5534.0,6225.0
Rwanda,0.0,5.0,5.0,3.0,3.0,9.0,8.0,6.0,3.0,9.0,31.0,60.0,86.0,77.0,116.0,123.0,178.0,91.0,101.0,161.0,278.0,265.0,285.0,374.0,302.0,300.0,369.0,267.0,343.0
Saint Kitts and Nevis,0.0,0.0,0.0,0.0,0.0,0.0,0.0,0.0,0.0,0.0,0.0,0.0,0.0,0.0,0.0,0.0,0.0,0.0,0.0,0.0,305.0,306.0,319.0,315.0,270.0,360.0,345.0,317.0,281.0
Saint Kitts-Nevis,0.0,0.0,0.0,0.0,0.0,0.0,0.0,0.0,0.0,0.0,702.0,331.0,351.0,321.0,282.0,331.0,483.0,334.0,529.0,389.0,0.0,0.0,0.0,0.0,0.0,0.0,0.0,0.0,0.0
Saint Lucia,0.0,0.0,0.0,0.0,0.0,0.0,0.0,0.0,0.0,0.0,600.0,392.0,417.0,366.0,359.0,515.0,623.0,506.0,779.0,583.0,554.0,600.0,724.0,856.0,635.0,775.0,791.0,697.0,604.0
Saint Vincent and the Grenadines,0.0,0.0,0.0,0.0,0.0,0.0,0.0,0.0,0.0,0.0,824.0,439.0,461.0,374.0,388.0,491.0,624.0,450.0,623.0,513.0,375.0,416.0,511.0,574.0,405.0,467.0,500.0,507.0,401.0
Samoa,0.0,0.0,0.0,0.0,0.0,0.0,0.0,0.0,0.0,0.0,281.0,194.0,150.0,117.0,157.0,165.0,201.0,163.0,204.0,185.0,154.0,172.0,178.0,206.0,181.0,213.0,192.0,164.0,168.0
Samoa 4,150.0,142.0,102.0,131.0,189.0,207.0,267.0,149.0,206.0,253.0,0.0,0.0,0.0,0.0,0.0,0.0,0.0,0.0,0.0,0.0,0.0,0.0,0.0,0.0,0.0,0.0,0.0,0.0,0.0
San Marino,4.0,6.0,3.0,8.0,4.0,8.0,0.0,2.0,2.0,9.0,0.0,0.0,0.0,0.0,0.0,0.0,0.0,0.0,0.0,0.0,0.0,0.0,0.0,0.0,0.0,0.0,0.0,0.0,0.0
Sao Tome & Principe,0.0,0.0,1.0,0.0,2.0,2.0,0.0,1.0,1.0,3.0,0.0,0.0,0.0,0.0,0.0,0.0,0.0,0.0,0.0,0.0,0.0,0.0,0.0,0.0,0.0,0.0,0.0,0.0,0.0
Saudi Arabia,63.0,91.0,94.0,139.0,132.0,112.0,119.0,79.0,60.0,79.0,309.0,247.0,309.0,251.0,354.0,397.0,511.0,504.0,615.0,768.0,739.0,814.0,779.0,927.0,795.0,796.0,869.0,872.0,990.0
Senegal,58.0,30.0,41.0,61.0,74.0,75.0,226.0,211.0,103.0,159.0,218.0,250.0,346.0,274.0,371.0,401.0,503.0,386.0,566.0,640.0,633.0,752.0,790.0,869.0,806.0,974.0,969.0,882.0,848.0
Serbia,0.0,0.0,0.0,0.0,0.0,0.0,0.0,0.0,0.0,0.0,0.0,0.0,0.0,0.0,0.0,0.0,0.0,0.0,3.0,15.0,27.0,85.0,109.0,117.0,276.0,522.0,532.0,476.0,596.0
Serbia and Montenegro (former),0.0,0.0,0.0,0.0,0.0,0.0,0.0,0.0,0.0,0.0,0.0,0.0,0.0,0.0,0.0,0.0,0.0,0.0,0.0,0.0,2653.0,2185.0,2012.0,1830.0,1338.0,1297.0,1164.0,820.0,805.0
Serbia and Montenegro 2,0.0,0.0,0.0,0.0,0.0,0.0,0.0,0.0,0.0,0.0,2188.0,2076.0,2302.0,2012.0,3159.0,5857.0,5555.0,3382.0,3582.0,2597.0,0.0,0.0,0.0,0.0,0.0,0.0,0.0,0.0,0.0
Seychelles,20.0,20.0,18.0,17.0,10.0,15.0,12.0,13.0,5.0,11.0,27.0,18.0,12.0,15.0,13.0,8.0,22.0,5.0,26.0,19.0,12.0,19.0,8.0,15.0,9.0,7.0,17.0,5.0,11.0
Sierra Leone,163.0,194.0,187.0,292.0,396.0,561.0,566.0,396.0,376.0,442.0,600.0,516.0,763.0,777.0,945.0,1043.0,1683.0,1485.0,2018.0,1868.0,1878.0,1831.0,1861.0,1613.0,1406.0,1692.0,1662.0,1328.0,1177.0
Singapore,162.0,180.0,145.0,157.0,209.0,170.0,237.0,123.0,116.0,239.0,404.0,306.0,322.0,273.0,332.0,338.0,347.0,315.0,433.0,403.0,336.0,311.0,293.0,263.0,258.0,285.0,308.0,279.0,332.0
Sint Maarten,0.0,0.0,0.0,0.0,0.0,0.0,0.0,0.0,0.0,0.0,0.0,0.0,0.0,0.0,0.0,0.0,0.0,0.0,0.0,0.0,0.0,0.0,0.0,0.0,7.0,17.0,33.0,21.0,22.0
Slovak Republic,0.0,0.0,0.0,0.0,2.0,21.0,44.0,33.0,43.0,90.0,0.0,0.0,0.0,0.0,0.0,0.0,0.0,0.0,0.0,0.0,0.0,0.0,0.0,0.0,0.0,0.0,0.0,0.0,0.0
Slovakia,0.0,0.0,0.0,0.0,0.0,0.0,0.0,0.0,0.0,0.0,200.0,243.0,301.0,286.0,318.0,362.0,479.0,380.0,498.0,488.0,485.0,421.0,401.0,413.0,317.0,443.0,428.0,384.0,394.0
Slovenia,0.0,0.0,0.0,3.0,8.0,23.0,22.0,8.0,18.0,38.0,43.0,42.0,58.0,43.0,60.0,58.0,61.0,60.0,80.0,64.0,64.0,57.0,64.0,58.0,52.0,61.0,63.0,52.0,57.0
Solomon Islands,1.0,2.0,27.0,11.0,46.0,54.0,2.0,6.0,7.0,7.0,0.0,0.0,0.0,0.0,0.0,0.0,0.0,0.0,0.0,0.0,0.0,0.0,0.0,0.0,0.0,0.0,0.0,0.0,0.0
Somalia,90.0,107.0,122.0,130.0,154.0,211.0,248.0,157.0,288.0,793.0,1245.0,1167.0,1789.0,2235.0,2714.0,3238.0,4242.0,3594.0,3816.0,3818.0,5728.0,7971.0,9286.0,6875.0,4097.0,3691.0,3998.0,3774.0,3979.0
South Africa,697.0,883.0,650.0,830.0,1145.0,798.0,956.0,559.0,589.0,1232.0,1965.0,1468.0,1526.0,1262.0,1453.0,1495.0,2225.0,2069.0,2980.0,2436.0,2550.0,2566.0,2294.0,2283.0,2083.0,2538.0,2197.0,1901.0,2262.0
South Sudan,0.0,0.0,0.0,0.0,0.0,0.0,0.0,0.0,0.0,0.0,0.0,0.0,0.0,0.0,0.0,0.0,0.0,0.0,0.0,0.0,0.0,0.0,81.0,139.0,132.0,131.0,101.0,74.0,109.0
Soviet Union (former),0.0,0.0,0.0,0.0,0.0,0.0,0.0,0.0,0.0,0.0,9174.0,4563.0,4302.0,3437.0,3772.0,3668.0,3831.0,2813.0,3538.0,4263.0,2954.0,2812.0,2610.0,2807.0,2334.0,2372.0,2268.0,2123.0,2252.0
Soviet Union 2,2847.0,2822.0,1600.0,2126.0,4444.0,8407.0,13414.0,5855.0,4239.0,6565.0,0.0,0.0,0.0,0.0,0.0,0.0,0.0,0.0,0.0,0.0,0.0,0.0,0.0,0.0,0.0,0.0,0.0,0.0,0.0
Spain,535.0,436.0,462.0,615.0,812.0,778.0,1714.0,671.0,827.0,1055.0,1066.0,722.0,631.0,552.0,1120.0,1256.0,1465.0,1175.0,1958.0,1420.0,1115.0,1253.0,1242.0,1367.0,1326.0,1414.0,1515.0,1469.0,1674.0
Sri Lanka,335.0,464.0,333.0,445.0,531.0,514.0,756.0,486.0,436.0,787.0,998.0,835.0,961.0,827.0,980.0,927.0,1023.0,1024.0,1377.0,1367.0,1421.0,1334.0,1146.0,1258.0,1104.0,1246.0,1497.0,1364.0,1480.0
St. Kitts-Nevis,265.0,699.0,307.0,372.0,581.0,557.0,539.0,540.0,661.0,880.0,0.0,0.0,0.0,0.0,0.0,0.0,0.0,0.0,0.0,0.0,0.0,0.0,0.0,0.0,0.0,0.0,0.0,0.0,0.0
St. Lucia,204.0,286.0,194.0,236.0,377.0,400.0,549.0,429.0,402.0,627.0,0.0,0.0,0.0,0.0,0.0,0.0,0.0,0.0,0.0,0.0,0.0,0.0,0.0,0.0,0.0,0.0,0.0,0.0,0.0
St. Vincent &  the Grenadines,279.0,324.0,254.0,328.0,533.0,477.0,1005.0,737.0,415.0,905.0,0.0,0.0,0.0,0.0,0.0,0.0,0.0,0.0,0.0,0.0,0.0,0.0,0.0,0.0,0.0,0.0,0.0,0.0,0.0
Stateless or not reported,14600.0,5789.0,244.0,409.0,583.0,6375.0,108863.0,49698.0,17033.0,78390.0,0.0,0.0,0.0,0.0,0.0,0.0,0.0,0.0,0.0,0.0,0.0,0.0,0.0,0.0,0.0,0.0,0.0,0.0,0.0
Sudan,68.0,79.0,99.0,129.0,138.0,177.0,258.0,216.0,174.0,269.0,514.0,739.0,1012.0,839.0,1104.0,1551.0,2587.0,2785.0,2893.0,2855.0,2885.0,2444.0,2291.0,1924.0,1482.0,1740.0,1776.0,1348.0,1611.0
Suriname,33.0,34.0,45.0,26.0,90.0,58.0,129.0,59.0,42.0,111.0,161.0,111.0,119.0,120.0,97.0,125.0,222.0,159.0,202.0,198.0,161.0,194.0,189.0,160.0,127.0,183.0,164.0,143.0,176.0
Swaziland,3.0,8.0,4.0,4.0,2.0,5.0,3.0,1.0,8.0,2.0,11.0,3.0,8.0,7.0,5.0,5.0,10.0,0.0,8.0,21.0,0.0,0.0,0.0,0.0,0.0,0.0,0.0,0.0,0.0
Sweden,166.0,208.0,186.0,228.0,317.0,261.0,335.0,201.0,197.0,343.0,369.0,321.0,819.0,948.0,1016.0,980.0,984.0,786.0,1207.0,940.0,774.0,872.0,798.0,783.0,724.0,885.0,795.0,708.0,797.0
Switzerland,302.0,357.0,310.0,393.0,574.0,451.0,505.0,290.0,296.0,472.0,652.0,516.0,462.0,430.0,487.0,541.0,539.0,501.0,658.0,529.0,484.0,427.0,427.0,452.0,388.0,411.0,375.0,333.0,436.0
Syria,1146.0,1480.0,1200.0,1312.0,1809.0,1776.0,2148.0,1370.0,1125.0,1855.0,2793.0,2151.0,2278.0,1881.0,2385.0,2252.0,2395.0,1799.0,2105.0,2484.0,2029.0,1981.0,1814.0,2196.0,1832.0,2004.0,2043.0,1789.0,2475.0
Taiwan,6895.0,10876.0,6408.0,7384.0,10757.0,10007.0,12431.0,6489.0,5317.0,11349.0,13163.0,9052.0,8599.0,6742.0,7889.0,8295.0,8819.0,7486.0,8711.0,7606.0,5621.0,5065.0,4573.0,5255.0,4326.0,4420.0,4043.0,4151.0,4576.0
Tajikistan,0.0,0.0,0.0,2.0,1.0,1.0,43.0,24.0,39.0,170.0,406.0,368.0,234.0,127.0,117.0,116.0,147.0,109.0,168.0,156.0,178.0,155.0,142.0,168.0,146.0,156.0,212.0,222.0,261.0
Tanzania,187.0,221.0,180.0,187.0,227.0,192.0,347.0,171.0,145.0,238.0,419.0,333.0,345.0,295.0,348.0,363.0,490.0,356.0,464.0,567.0,466.0,516.0,543.0,647.0,525.0,553.0,639.0,547.0,561.0
Thailand,1145.0,1379.0,962.0,1169.0,1645.0,1675.0,3399.0,1808.0,1825.0,3653.0,5197.0,4088.0,4013.0,3636.0,3779.0,4314.0,4583.0,4438.0,6930.0,4962.0,4112.0,5299.0,6585.0,5544.0,4805.0,5213.0,5211.0,4672.0,5324.0
Togo,13.0,16.0,13.0,17.0,23.0,19.0,29.0,17.0,14.0,31.0,58.0,57.0,113.0,153.0,204.0,291.0,536.0,473.0,673.0,1132.0,1253.0,1523.0,1448.0,1380.0,1141.0,1171.0,1099.0,907.0,893.0
Tonga,100.0,89.0,86.0,86.0,170.0,213.0,257.0,330.0,291.0,412.0,365.0,301.0,246.0,182.0,207.0,246.0,235.0,251.0,421.0,269.0,208.0,251.0,306.0,371.0,473.0,352.0,337.0,262.0,319.0
Trinidad & Tobago,3198.0,3033.0,2602.0,3293.0,4905.0,4484.0,8619.0,5273.0,3619.0,6884.0,0.0,0.0,0.0,0.0,0.0,0.0,0.0,0.0,0.0,0.0,0.0,0.0,0.0,0.0,0.0,0.0,0.0,0.0,0.0
Trinidad and Tobago,0.0,0.0,0.0,0.0,0.0,0.0,0.0,0.0,0.0,0.0,7239.0,4474.0,4814.0,3774.0,3958.0,4832.0,6612.0,4514.0,7305.0,5726.0,4740.0,5014.0,5596.0,5784.0,4147.0,4869.0,4867.0,4504.0,4378.0
Tunisia,55.0,78.0,68.0,123.0,85.0,112.0,129.0,80.0,67.0,97.0,167.0,157.0,165.0,119.0,192.0,226.0,315.0,299.0,390.0,479.0,407.0,377.0,345.0,362.0,310.0,314.0,352.0,344.0,306.0
Turkey,1214.0,1349.0,1124.0,1229.0,1655.0,1559.0,1885.0,1341.0,1120.0,1491.0,2069.0,1792.0,1924.0,1724.0,1964.0,2231.0,2742.0,2009.0,2771.0,3219.0,3213.0,3100.0,3329.0,3390.0,2925.0,3150.0,3201.0,3108.0,3275.0
Turkmenistan,0.0,0.0,0.0,0.0,1.0,2.0,8.0,5.0,6.0,16.0,73.0,60.0,65.0,43.0,58.0,59.0,75.0,58.0,99.0,91.0,138.0,146.0,136.0,160.0,110.0,153.0,102.0,109.0,117.0
Turks and Caicos Islands,0.0,0.0,0.0,0.0,0.0,0.0,0.0,0.0,0.0,0.0,43.0,39.0,18.0,15.0,16.0,21.0,30.0,14.0,33.0,21.0,20.0,36.0,49.0,47.0,26.0,33.0,31.0,26.0,40.0
Tuvalu,0.0,0.0,0.0,2.0,1.0,1.0,0.0,1.0,3.0,2.0,0.0,0.0,0.0,0.0,0.0,0.0,0.0,0.0,0.0,0.0,0.0,0.0,0.0,0.0,0.0,0.0,0.0,0.0,0.0
U.S. Virgin Islands,0.0,0.0,0.0,0.0,0.0,0.0,0.0,0.0,0.0,0.0,12.0,0.0,7.0,4.0,5.0,4.0,0.0,0.0,5.0,0.0,0.0,0.0,0.0,0.0,0.0,0.0,0.0,0.0,0.0
U.S. possessions,52.0,53.0,51.0,76.0,105.0,134.0,136.0,35.0,61.0,70.0,0.0,0.0,0.0,0.0,0.0,0.0,0.0,0.0,0.0,0.0,0.0,0.0,0.0,0.0,0.0,0.0,0.0,0.0,0.0
Uganda,124.0,131.0,118.0,133.0,172.0,239.0,267.0,195.0,134.0,199.0,429.0,296.0,321.0,279.0,327.0,340.0,477.0,344.0,541.0,489.0,637.0,838.0,820.0,763.0,724.0,817.0,823.0,742.0,703.0
Ukraine,0.0,0.0,11.0,173.0,793.0,3375.0,8392.0,6415.0,7173.0,11816.0,16833.0,11819.0,12106.0,8236.0,8069.0,9343.0,10184.0,8594.0,10992.0,9123.0,7345.0,8489.0,9459.0,8624.0,6984.0,8926.0,8374.0,6644.0,6990.0
United Arab Emirates,6.0,2.0,7.0,13.0,20.0,11.0,10.0,5.0,7.0,17.0,79.0,84.0,109.0,112.0,168.0,197.0,277.0,253.0,328.0,383.0,404.0,425.0,431.0,499.0,435.0,443.0,473.0,475.0,542.0
United Kingdom,8286.0,9935.0,7800.0,10158.0,15753.0,14823.0,20052.0,11378.0,9351.0,13869.0,11704.0,8038.0,8194.0,6717.0,7785.0,8087.0,9104.0,7752.0,12095.0,10060.0,8401.0,9246.0,9145.0,9459.0,8906.0,10095.0,9562.0,9049.0,10530.0
United States,0.0,0.0,0.0,0.0,0.0,0.0,0.0,0.0,0.0,0.0,44.0,38.0,42.0,37.0,36.0,29.0,57.0,41.0,67.0,51.0,45.0,45.0,60.0,55.0,31.0,75.0,95.0,84.0,122.0
Unknown,0.0,0.0,0.0,0.0,0.0,0.0,0.0,0.0,0.0,0.0,2623.0,1449.0,944.0,957.0,1358.0,1270.0,880.0,648.0,1134.0,940.0,326.0,337.0,359.0,201.0,142.0,89.0,26.0,206.0,634.0
Uruguay,433.0,400.0,371.0,577.0,670.0,678.0,1289.0,599.0,385.0,560.0,688.0,471.0,485.0,352.0,412.0,475.0,579.0,496.0,924.0,634.0,585.0,751.0,849.0,933.0,812.0,902.0,1044.0,1028.0,1073.0
Uzbekistan,0.0,0.0,0.0,0.0,10.0,62.0,436.0,329.0,291.0,1220.0,3078.0,2492.0,2541.0,1480.0,1224.0,1588.0,1821.0,1148.0,1377.0,1513.0,1472.0,2463.0,3071.0,2482.0,1725.0,1660.0,1685.0,1498.0,1532.0
Vanuatu,0.0,0.0,2.0,0.0,10.0,11.0,0.0,0.0,0.0,2.0,0.0,0.0,0.0,0.0,0.0,0.0,0.0,0.0,0.0,0.0,0.0,0.0,0.0,0.0,0.0,0.0,0.0,0.0,0.0
Venezuela,751.0,747.0,730.0,829.0,1095.0,1082.0,2502.0,1156.0,957.0,2183.0,2418.0,2103.0,2156.0,1952.0,2385.0,2659.0,4476.0,3575.0,6557.0,4735.0,5243.0,6856.0,7404.0,7648.0,6871.0,8192.0,7633.0,6463.0,8172.0
Vietnam,22027.0,29603.0,18357.0,22427.0,29486.0,31432.0,47625.0,33349.0,29125.0,51055.0,55769.0,41462.0,36757.0,25933.0,27480.0,32926.0,29917.0,27921.0,39584.0,31168.0,19313.0,20922.0,23490.0,24277.0,18837.0,21976.0,24848.0,19323.0,21082.0
"Virgin Islands, British",0.0,0.0,0.0,0.0,0.0,0.0,0.0,0.0,0.0,0.0,0.0,0.0,0.0,0.0,0.0,0.0,0.0,0.0,0.0,0.0,36.0,48.0,41.0,45.0,49.0,59.0,46.0,42.0,54.0
Yemen,0.0,590.0,528.0,706.0,772.0,502.0,844.0,443.0,243.0,459.0,832.0,807.0,882.0,589.0,822.0,814.0,989.0,734.0,1080.0,1243.0,1186.0,1320.0,1452.0,1355.0,1160.0,1284.0,1490.0,1445.0,1544.0
Yugoslavia 2,1640.0,1642.0,1452.0,2158.0,2765.0,2212.0,2895.0,1148.0,927.0,1470.0,0.0,0.0,0.0,0.0,0.0,0.0,0.0,0.0,0.0,0.0,0.0,0.0,0.0,0.0,0.0,0.0,0.0,0.0,0.0
Zambia,65.0,111.0,65.0,113.0,110.0,108.0,113.0,74.0,68.0,118.0,227.0,158.0,168.0,134.0,180.0,159.0,239.0,212.0,290.0,289.0,317.0,337.0,338.0,352.0,318.0,370.0,404.0,401.0,402.0
Zimbabwe,92.0,91.0,90.0,118.0,106.0,116.0,126.0,78.0,52.0,112.0,274.0,206.0,231.0,210.0,225.0,260.0,322.0,312.0,413.0,489.0,546.0,715.0,691.0,658.0,734.0,852.0,843.0,675.0,709.0
